"id.exposure","id.outcome","outcome","exposure","method","nsnp","b","se","pval","lo_ci","up_ci","or","or_lci95","or_uci95","analysis","exposure_label","outcome_label","ancestry","direction","analysis_role"
"taZpuT","GCST90018849","Gastric cancer","Veillonella","Inverse variance weighted",4,0.118488529768088,0.127591185993567,0.353066539674173,-0.131590194779304,0.368567254315481,1.12579396091011,0.876700197790813,1.44566186435844,"Primary GCST90018849","Veillonella","Gastric cancer","European","Forward","Primary"
"taZpuT","GCST90018849","Gastric cancer","Veillonella","Weighted median",4,0.166262894070738,0.153605035195799,0.279072503586877,-0.134802974913027,0.467328763054504,1.18088350819201,0.873888072600977,1.59572593292117,"Primary GCST90018849","Veillonella","Gastric cancer","European","Forward","Primary"
"taZpuT","GCST90018849","Gastric cancer","Veillonella","MR Egger",4,-1.56881138088201,2.810229678478,0.632828889989843,-7.07686155069889,3.93923878893488,0.208292615861142,0.000844419160743695,51.3794757855407,"Primary GCST90018849","Veillonella","Gastric cancer","European","Forward","Primary"
"taZpuT","GCST90018849","Gastric cancer","Veillonella","Weighted mode",4,0.191053340255719,0.186015587874828,0.379954671244461,-0.173537211978944,0.555643892490382,1.21052402002003,0.840685866995031,1.7430629686726,"Primary GCST90018849","Veillonella","Gastric cancer","European","Forward","Primary"
"taZpuT","GCST90018849","Gastric cancer","Veillonella","Simple mode",4,0.187523248399354,0.208257866724395,0.434251554470598,-0.22066217038046,0.595708667179169,1.20625829266951,0.801987569685931,1.81431623585361,"Primary GCST90018849","Veillonella","Gastric cancer","European","Forward","Primary"
"DkZLFR","GCST90018849","Gastric cancer","Veillonellaceae","Inverse variance weighted",9,0.243274293506194,0.139656835362313,0.0815183601443824,-0.0304531038039394,0.517001690816328,1.27541841513252,0.970005920588415,1.67699196379376,"Primary GCST90018849","Veillonellaceae","Gastric cancer","European","Forward","Primary"
"DkZLFR","GCST90018849","Gastric cancer","Veillonellaceae","Weighted median",9,0.27756341811189,0.181306518631428,0.125792379515211,-0.0777973584057098,0.63292419462949,1.31990982267839,0.925151881802071,1.88310911351053,"Primary GCST90018849","Veillonellaceae","Gastric cancer","European","Forward","Primary"
"DkZLFR","GCST90018849","Gastric cancer","Veillonellaceae","MR Egger",9,0.433454234676173,0.550864766613067,0.457171216217176,-0.646240707885438,1.51314917723778,1.54257675343753,0.524011992807682,4.54100874198728,"Primary GCST90018849","Veillonellaceae","Gastric cancer","European","Forward","Primary"
"DkZLFR","GCST90018849","Gastric cancer","Veillonellaceae","Weighted mode",9,0.294666228295853,0.214049357699702,0.205922600690547,-0.124870512795562,0.714202969387269,1.34267813591885,0.882611182040141,2.04255805201496,"Primary GCST90018849","Veillonellaceae","Gastric cancer","European","Forward","Primary"
"DkZLFR","GCST90018849","Gastric cancer","Veillonellaceae","Simple mode",9,0.303269163750184,0.236935879544817,0.236424716857948,-0.161125160157657,0.767663487658026,1.35427893818633,0.851185529924814,2.15472582408337,"Primary GCST90018849","Veillonellaceae","Gastric cancer","European","Forward","Primary"
"DC1S5N","GCST90018849","Gastric cancer","Veillonella","Inverse variance weighted",8,0.0429383146191952,0.108292584409146,0.691734131216543,-0.169315150822732,0.255191780061122,1.04387350113013,0.844242797644252,1.29070912941426,"Threshold sensitivity P<=1e-5","Veillonella","Gastric cancer","European","Forward","Sensitivity"
"DC1S5N","GCST90018849","Gastric cancer","Veillonella","Weighted median",8,0.104565135032699,0.137406835152661,0.446663442047771,-0.164752261866517,0.373882531931915,1.11022770622911,0.848103785713099,1.453366416284,"Threshold sensitivity P<=1e-5","Veillonella","Gastric cancer","European","Forward","Sensitivity"
"DC1S5N","GCST90018849","Gastric cancer","Veillonella","MR Egger",8,-1.90154721269022,1.0575485842126,0.122278674855608,-3.97434243774691,0.171248012366469,0.149337383688321,0.0187916541153502,1.18678504989379,"Threshold sensitivity P<=1e-5","Veillonella","Gastric cancer","European","Forward","Sensitivity"
"DC1S5N","GCST90018849","Gastric cancer","Veillonella","Weighted mode",8,0.112010718738881,0.132571439688231,0.426093853433621,-0.147829303050052,0.371850740527814,1.11852484975659,0.862578341868142,1.45041647673812,"Threshold sensitivity P<=1e-5","Veillonella","Gastric cancer","European","Forward","Sensitivity"
"DC1S5N","GCST90018849","Gastric cancer","Veillonella","Simple mode",8,0.125814596093768,0.165909196093639,0.473004977393035,-0.199367428249765,0.450996620437301,1.1340718874323,0.819248822864308,1.56987597658995,"Threshold sensitivity P<=1e-5","Veillonella","Gastric cancer","European","Forward","Sensitivity"
"mRCmo7","GCST90018849","Gastric cancer","Veillonellaceae","Inverse variance weighted",19,0.0408604755329351,0.0679399303443255,0.54755986320868,-0.092301787941943,0.174022739007813,1.04170675182613,0.911829928740423,1.19008262681084,"Threshold sensitivity P<=1e-5","Veillonellaceae","Gastric cancer","European","Forward","Sensitivity"
"mRCmo7","GCST90018849","Gastric cancer","Veillonellaceae","Weighted median",19,-0.0761300962884357,0.100048702889316,0.44669865898949,-0.272225553951495,0.119965361374624,0.926695639053709,0.761682441228838,1.12745779731472,"Threshold sensitivity P<=1e-5","Veillonellaceae","Gastric cancer","European","Forward","Sensitivity"
"mRCmo7","GCST90018849","Gastric cancer","Veillonellaceae","MR Egger",19,-0.114729042877923,0.136472147304421,0.41219744358368,-0.382214451594587,0.152756365838742,0.891607698635911,0.682348706745609,1.16504110055154,"Threshold sensitivity P<=1e-5","Veillonellaceae","Gastric cancer","European","Forward","Sensitivity"
"mRCmo7","GCST90018849","Gastric cancer","Veillonellaceae","Weighted mode",19,-0.0794340661340451,0.0967617626851514,0.422429152423858,-0.269087120996942,0.110218988728852,0.923638917045542,0.764076685625826,1.11652254954267,"Threshold sensitivity P<=1e-5","Veillonellaceae","Gastric cancer","European","Forward","Sensitivity"
"mRCmo7","GCST90018849","Gastric cancer","Veillonellaceae","Simple mode",19,0.233733838476729,0.193753391787328,0.243300595991251,-0.146022809426434,0.613490486379891,1.26330820342041,0.86413799246788,1.84686662401159,"Threshold sensitivity P<=1e-5","Veillonellaceae","Gastric cancer","European","Forward","Sensitivity"
"taZpuT","Y2HJDL","FinnGen gastric cancer","Veillonella","Inverse variance weighted",4,0.0510670345179517,0.411316253418449,0.901192426017098,-0.755112822182208,0.857246891218111,1.05239343760551,0.469957590098557,2.35666360294953,"FinnGen","Veillonella","Gastric cancer","European","Forward","Sensitivity"
"taZpuT","Y2HJDL","FinnGen gastric cancer","Veillonella","Weighted median",4,0.102090687196152,0.463804855646681,0.82578112047314,-0.806966829871343,1.01114820426365,1.10748390178384,0.446209444865496,2.7487553363647,"FinnGen","Veillonella","Gastric cancer","European","Forward","Sensitivity"
"taZpuT","Y2HJDL","FinnGen gastric cancer","Veillonella","MR Egger",4,1.97924526472331,9.32610396740661,0.851595026864591,-16.2999185113936,20.2584090408403,7.23727869383622,8.33749017273618e-08,628225063.023571,"FinnGen","Veillonella","Gastric cancer","European","Forward","Sensitivity"
"taZpuT","Y2HJDL","FinnGen gastric cancer","Veillonella","Weighted mode",4,0.245626989618801,0.634047141939588,0.724312722455907,-0.997105408582791,1.48835938782039,1.2784226196842,0.368945844500801,4.42982193425045,"FinnGen","Veillonella","Gastric cancer","European","Forward","Sensitivity"
"taZpuT","Y2HJDL","FinnGen gastric cancer","Veillonella","Simple mode",4,0.238921441727677,0.64681480270803,0.736375777899117,-1.02883557158006,1.50667845503542,1.26987877318279,0.357422911745837,4.51171999775698,"FinnGen","Veillonella","Gastric cancer","European","Forward","Sensitivity"
"DkZLFR","Y2HJDL","FinnGen gastric cancer","Veillonellaceae","Inverse variance weighted",9,0.448980078363543,0.333250721317094,0.17789195813311,-0.204191335417962,1.10215149214505,1.56671344539287,0.815306359279447,3.01063642155828,"FinnGen","Veillonellaceae","Gastric cancer","European","Forward","Sensitivity"
"DkZLFR","Y2HJDL","FinnGen gastric cancer","Veillonellaceae","Weighted median",9,0.277487421138258,0.439239141952054,0.527553087443132,-0.583421297087768,1.13839613936428,1.3198095173379,0.557986061062388,3.12175748393997,"FinnGen","Veillonellaceae","Gastric cancer","European","Forward","Sensitivity"
"DkZLFR","Y2HJDL","FinnGen gastric cancer","Veillonellaceae","MR Egger",9,0.20554900770125,0.848822288241613,0.815599366900472,-1.45814267725231,1.86924069265481,1.22819917070501,0.232668013260438,6.48337165810566,"FinnGen","Veillonellaceae","Gastric cancer","European","Forward","Sensitivity"
"DkZLFR","Y2HJDL","FinnGen gastric cancer","Veillonellaceae","Weighted mode",9,0.207079358180562,0.59960037691191,0.738727352879792,-0.968137380566782,1.38229609692791,1.23008018483292,0.379789783531529,3.98403887289657,"FinnGen","Veillonellaceae","Gastric cancer","European","Forward","Sensitivity"
"DkZLFR","Y2HJDL","FinnGen gastric cancer","Veillonellaceae","Simple mode",9,0.239306475959516,0.618634788191695,0.708968617255229,-0.973217708896205,1.45183066081524,1.27036781412346,0.377865219582776,4.27092597975211,"FinnGen","Veillonellaceae","Gastric cancer","European","Forward","Sensitivity"
"taZpuT","QL0lHn","East Asian gastric cancer","Veillonella","Inverse variance weighted",4,0.0753180102994049,0.138951792857616,0.587788072662323,-0.197027503701523,0.347663524300333,1.07822698365546,0.821168047841179,1.41575580216391,"East Asian GCST90018629","Veillonella","Gastric cancer","East Asian","Forward","Sensitivity"
"taZpuT","QL0lHn","East Asian gastric cancer","Veillonella","Weighted median",4,0.0770691380102326,0.164974460431759,0.640386844503789,-0.246280804436015,0.40041908045648,1.08011675093412,0.78170268852094,1.49245002323826,"East Asian GCST90018629","Veillonella","Gastric cancer","East Asian","Forward","Sensitivity"
"taZpuT","QL0lHn","East Asian gastric cancer","Veillonella","MR Egger",4,-0.442222229485386,3.05771454543629,0.898265218940789,-6.43534273854052,5.55089827956975,0.642606813405035,0.00160385890392579,257.468730961187,"East Asian GCST90018629","Veillonella","Gastric cancer","East Asian","Forward","Sensitivity"
"taZpuT","QL0lHn","East Asian gastric cancer","Veillonella","Weighted mode",4,0.0780849931561683,0.17593094422188,0.687220061239679,-0.266739657518717,0.422909643831054,1.08121455060209,0.765872434642877,1.52639637040701,"East Asian GCST90018629","Veillonella","Gastric cancer","East Asian","Forward","Sensitivity"
"taZpuT","QL0lHn","East Asian gastric cancer","Veillonella","Simple mode",4,0.0793061156993539,0.193761071401986,0.70978902544138,-0.300465584248539,0.459077815647247,1.08253565251335,0.740473387667777,1.58261385011216,"East Asian GCST90018629","Veillonella","Gastric cancer","East Asian","Forward","Sensitivity"
"DkZLFR","QL0lHn","East Asian gastric cancer","Veillonellaceae","Inverse variance weighted",5,0.201617114429511,0.167719259863301,0.229320646948665,-0.127112634902559,0.530346863761581,1.22337950406602,0.880634476832321,1.69952170888468,"East Asian GCST90018629","Veillonellaceae","Gastric cancer","East Asian","Forward","Sensitivity"
"DkZLFR","QL0lHn","East Asian gastric cancer","Veillonellaceae","Weighted median",5,0.278625294986851,0.218304150824799,0.201843489386847,-0.149250840629754,0.706501430603456,1.3213121488132,0.861353025462738,2.02688763258647,"East Asian GCST90018629","Veillonellaceae","Gastric cancer","East Asian","Forward","Sensitivity"
"DkZLFR","QL0lHn","East Asian gastric cancer","Veillonellaceae","MR Egger",5,0.0962766319550041,1.34540083582088,0.947455779205504,-2.54070900625393,2.73326227016394,1.10106361124765,0.0788105028379846,15.3829887179631,"East Asian GCST90018629","Veillonellaceae","Gastric cancer","East Asian","Forward","Sensitivity"
"DkZLFR","QL0lHn","East Asian gastric cancer","Veillonellaceae","Weighted mode",5,0.35938219900306,0.288976927534059,0.281540023046025,-0.207012578963697,0.925776976969816,1.43244417569796,0.813009423107231,2.52382845533192,"East Asian GCST90018629","Veillonellaceae","Gastric cancer","East Asian","Forward","Sensitivity"
"DkZLFR","QL0lHn","East Asian gastric cancer","Veillonellaceae","Simple mode",5,0.391084490088684,0.293803313700599,0.253954078411073,-0.18477000476449,0.966938984941858,1.47858343378125,0.831295455861106,2.62988201756469,"East Asian GCST90018629","Veillonellaceae","Gastric cancer","East Asian","Forward","Sensitivity"
"ebi-a-GCST90018849","Rq6Sbb","Veillonella","Gastric cancer || id:ebi-a-GCST90018849","Inverse variance weighted",4,0.00337045801857075,0.0753779615945716,0.964335191528553,NA,NA,NA,NA,NA,"Reverse MR","Gastric cancer","Veillonella","European","Reverse","Reverse"
"ebi-a-GCST90018849","Rq6Sbb","Veillonella","Gastric cancer || id:ebi-a-GCST90018849","Weighted median",4,0.0269911038811404,0.086313163289952,0.754499988722168,NA,NA,NA,NA,NA,"Reverse MR","Gastric cancer","Veillonella","European","Reverse","Reverse"
"ebi-a-GCST90018849","Rq6Sbb","Veillonella","Gastric cancer || id:ebi-a-GCST90018849","MR Egger",4,0.028791966122678,0.365700011995442,0.944414772438116,NA,NA,NA,NA,NA,"Reverse MR","Gastric cancer","Veillonella","European","Reverse","Reverse"
"ebi-a-GCST90018849","Rq6Sbb","Veillonella","Gastric cancer || id:ebi-a-GCST90018849","Weighted mode",4,0.124099169551803,0.146015210826735,0.457825149789137,NA,NA,NA,NA,NA,"Reverse MR","Gastric cancer","Veillonella","European","Reverse","Reverse"
"ebi-a-GCST90018849","Rq6Sbb","Veillonella","Gastric cancer || id:ebi-a-GCST90018849","Simple mode",4,0.122706352054746,0.138444301078527,0.440724933104332,NA,NA,NA,NA,NA,"Reverse MR","Gastric cancer","Veillonella","European","Reverse","Reverse"
"ebi-a-GCST90018849","Tf4nkX","Veillonellaceae","Gastric cancer || id:ebi-a-GCST90018849","Inverse variance weighted",4,-0.00392208220482772,0.0644225270149344,0.951454298421181,NA,NA,NA,NA,NA,"Reverse MR","Gastric cancer","Veillonellaceae","European","Reverse","Reverse"
"ebi-a-GCST90018849","Tf4nkX","Veillonellaceae","Gastric cancer || id:ebi-a-GCST90018849","Weighted median",4,-0.0293181368142786,0.0602239944230574,0.626387168526491,NA,NA,NA,NA,NA,"Reverse MR","Gastric cancer","Veillonellaceae","European","Reverse","Reverse"
"ebi-a-GCST90018849","Tf4nkX","Veillonellaceae","Gastric cancer || id:ebi-a-GCST90018849","MR Egger",4,0.0292682452016571,0.311751575355001,0.933760330298494,NA,NA,NA,NA,NA,"Reverse MR","Gastric cancer","Veillonellaceae","European","Reverse","Reverse"
"ebi-a-GCST90018849","Tf4nkX","Veillonellaceae","Gastric cancer || id:ebi-a-GCST90018849","Weighted mode",4,-0.0414634994779934,0.067647788500373,0.583257824856341,NA,NA,NA,NA,NA,"Reverse MR","Gastric cancer","Veillonellaceae","European","Reverse","Reverse"
"ebi-a-GCST90018849","Tf4nkX","Veillonellaceae","Gastric cancer || id:ebi-a-GCST90018849","Simple mode",4,-0.0506172652438553,0.0784567476615113,0.564766076921813,NA,NA,NA,NA,NA,"Reverse MR","Gastric cancer","Veillonellaceae","European","Reverse","Reverse"
