"analysis","analysis_role","direction","ancestry","exposure_label","outcome_label","nsnp","estimate_type","estimate","ci_lower","ci_upper","pval","significant"
"Primary GCST90018849","Primary","Forward","European","Veillonella","Gastric cancer",4,"OR",1.12579396091011,0.876700197790813,1.44566186435844,0.353066539674173,FALSE
"Primary GCST90018849","Primary","Forward","European","Veillonellaceae","Gastric cancer",9,"OR",1.27541841513252,0.970005920588415,1.67699196379376,0.0815183601443824,FALSE
"Threshold sensitivity P<=1e-5","Sensitivity","Forward","European","Veillonella","Gastric cancer",8,"OR",1.04387350113013,0.844242797644252,1.29070912941426,0.691734131216543,FALSE
"Threshold sensitivity P<=1e-5","Sensitivity","Forward","European","Veillonellaceae","Gastric cancer",19,"OR",1.04170675182613,0.911829928740423,1.19008262681084,0.54755986320868,FALSE
"FinnGen","Sensitivity","Forward","European","Veillonella","Gastric cancer",4,"OR",1.05239343760551,0.469957590098557,2.35666360294953,0.901192426017098,FALSE
"FinnGen","Sensitivity","Forward","European","Veillonellaceae","Gastric cancer",9,"OR",1.56671344539287,0.815306359279447,3.01063642155828,0.17789195813311,FALSE
"East Asian GCST90018629","Sensitivity","Forward","East Asian","Veillonella","Gastric cancer",4,"OR",1.07822698365546,0.821168047841179,1.41575580216391,0.587788072662323,FALSE
"East Asian GCST90018629","Sensitivity","Forward","East Asian","Veillonellaceae","Gastric cancer",5,"OR",1.22337950406602,0.880634476832321,1.69952170888468,0.229320646948665,FALSE
"Reverse MR","Reverse","Reverse","European","Gastric cancer","Veillonella",4,"Beta",0.00337045801857075,-0.14437034670679,0.151111262743931,0.964335191528553,FALSE
"Reverse MR","Reverse","Reverse","European","Gastric cancer","Veillonellaceae",4,"Beta",-0.00392208220482772,-0.130190235154099,0.122346070744444,0.951454298421181,FALSE
