"analysis","comparison","IVW_Q","IVW_Q_df","IVW_Q_p","Egger_intercept","Egger_intercept_SE","Egger_intercept_p","MRPRESSO_global_p","heterogeneity_evidence","directional_pleiotropy_evidence","presso_global_evidence"
"Primary GCST90018849","Veillonella -> Gastric cancer",0.757866402571363,3,0.859515960343601,0.123078478139521,0.204778126538237,0.608863460501856,0.8439,FALSE,FALSE,FALSE
"Primary GCST90018849","Veillonellaceae -> Gastric cancer",2.34958045356285,8,0.968376522552411,-0.0115884059262707,0.0324697067889912,0.731683919616818,0.9654,FALSE,FALSE,FALSE
"Threshold sensitivity P<=1e-5","Veillonella -> Gastric cancer",5.48916834104499,7,0.600490694048613,0.146824217087909,0.0794336186688804,0.114044501960308,0.6873,FALSE,FALSE,FALSE
"Threshold sensitivity P<=1e-5","Veillonellaceae -> Gastric cancer",17.9851338618855,18,0.456632356733432,0.0149204909791899,0.0113501981814487,0.206118510635459,0.4044,FALSE,FALSE,FALSE
"FinnGen","Veillonella -> Gastric cancer",0.346108929924343,3,0.951135642425056,-0.141822169075691,0.685290020226272,0.855204957373502,0.9532,FALSE,FALSE,FALSE
"FinnGen","Veillonellaceae -> Gastric cancer",2.40145875828279,8,0.966167727987582,0.0184646372764143,0.0592149546953852,0.764256914206089,0.9685,FALSE,FALSE,FALSE
"East Asian GCST90018629","Veillonella -> Gastric cancer",0.0877330656067982,3,0.9932677248435,0.0377038255330581,0.222530398716535,0.881043993336639,0.9967,FALSE,FALSE,FALSE
"East Asian GCST90018629","Veillonellaceae -> Gastric cancer",2.59113945578752,4,0.628393530566937,0.00587976351473194,0.0745101085100653,0.942071287154323,0.6432,FALSE,FALSE,FALSE
"Reverse MR","Gastric cancer -> Veillonella",3.95974192439084,3,0.265844217166698,-0.00390284869660395,0.0543305919880707,0.949270249104237,0.3274,FALSE,FALSE,FALSE
"Reverse MR","Gastric cancer -> Veillonellaceae",4.93188400879546,3,0.176853423510849,-0.005093044780867,0.0462902250037567,0.922435526673944,0.2978,FALSE,FALSE,FALSE
