exposure,outcome,id.exposure,id.outcome,samplesize,SNP,b,se,p,SNP_clean,beta,OR,CI_low,CI_high,exposure_name
Veillonellaceae,Gastric cancer,DkZLFR,GCST90018849,NA,rs111810795,0.232484815535018,0.141652361189315,0.100748639288288,rs111810795,0.232484815535018,1.2617312874989766,0.955850448877847,1.665496776951632,Veillonellaceae
Veillonellaceae,Gastric cancer,DkZLFR,GCST90018849,NA,rs12186441,0.249349967452563,0.145608455847609,0.0868102719029703,rs12186441,0.249349967452563,1.2831910295939224,0.9645991948858674,1.7070087007745596,Veillonellaceae
Veillonellaceae,Gastric cancer,DkZLFR,GCST90018849,NA,rs12668619,0.24196789420239,0.141623895080403,0.0875390647811259,rs12668619,0.24196789420239,1.2737532972941388,0.9650118092481306,1.6812721324434232,Veillonellaceae
Veillonellaceae,Gastric cancer,DkZLFR,GCST90018849,NA,rs12741784,0.217272684548503,0.142058468722374,0.126150554382577,rs12741784,0.217272684548503,1.2426829163709445,0.9406709195150696,1.6416589463999651,Veillonellaceae
Veillonellaceae,Gastric cancer,DkZLFR,GCST90018849,NA,rs1442060,0.324035941512238,0.157033819429662,0.0390671695044304,rs1442060,0.324035941512238,1.3826970024476466,1.0163823991192726,1.8810351322832686,Veillonellaceae
Veillonellaceae,Gastric cancer,DkZLFR,GCST90018849,NA,rs2175069,0.245977863311174,0.157805008111644,0.11905660247308,rs2175069,0.245977863311174,1.2788712632531882,0.9386431043496071,1.7424212678876108,Veillonellaceae
Veillonellaceae,Gastric cancer,DkZLFR,GCST90018849,NA,rs4461038,0.228474247897162,0.149723602660317,0.127016467741737,rs4461038,0.228474247897162,1.2566811625326648,0.9370824440975802,1.6852813263247945,Veillonellaceae
Veillonellaceae,Gastric cancer,DkZLFR,GCST90018849,NA,rs4797169,0.225939031801195,0.156047759275362,0.147649534683894,rs4797169,0.225939031801195,1.253499239357608,0.9231952056961725,1.701980614040592,Veillonellaceae
Veillonellaceae,Gastric cancer,DkZLFR,GCST90018849,NA,rs79535861,0.234687815424149,0.145285938195765,0.10623466058317001,rs79535861,0.234687815424149,1.2645139453575251,0.9511603454565145,1.681099854132594,Veillonellaceae
Veillonellaceae,Gastric cancer,DkZLFR,GCST90018849,NA,All,0.243274293506194,0.139656835362313,0.0815183601443824,All instruments,0.243274293506194,1.2754184151325156,0.9700059205884147,1.6769919637937587,Veillonellaceae
