exposure,outcome,id.exposure,id.outcome,samplesize,SNP,b,se,p,SNP_clean,beta,precision
Veillonellaceae,Gastric cancer,DkZLFR,GCST90018849,NA,rs111810795,0.618146759111898,0.834959428352639,0.459098876935132,rs111810795,0.618146759111898,1.1976629834254142
Veillonellaceae,Gastric cancer,DkZLFR,GCST90018849,NA,rs12186441,0.17347762571121,0.493522220513609,0.725206334013699,rs12186441,0.17347762571121,2.0262512171372937
Veillonellaceae,Gastric cancer,DkZLFR,GCST90018849,NA,rs12668619,0.289325690313014,0.840852787472198,0.730781595021254,rs12668619,0.289325690313014,1.1892688172043004
Veillonellaceae,Gastric cancer,DkZLFR,GCST90018849,NA,rs12741784,0.992836132155018,0.762729864897048,0.193023144195881,rs12741784,0.992836132155018,1.3110801687763707
Veillonellaceae,Gastric cancer,DkZLFR,GCST90018849,NA,rs1442060,-0.0622539025415156,0.305433209344311,0.838492868986844,rs1442060,-0.0622539025415156,3.274038216560507
Veillonellaceae,Gastric cancer,DkZLFR,GCST90018849,NA,rs2175069,0.233506469837798,0.299951400279448,0.436285495930489,rs2175069,0.233506469837798,3.3338734177215232
Veillonellaceae,Gastric cancer,DkZLFR,GCST90018849,NA,rs4461038,0.342363932860631,0.387411818763345,0.376846878886151,rs4461038,0.342363932860631,2.5812325581395377
Veillonellaceae,Gastric cancer,DkZLFR,GCST90018849,NA,rs4797169,0.313032175964913,0.313032175964913,0.317310507862914,rs4797169,0.313032175964913,3.1945597826086973
Veillonellaceae,Gastric cancer,DkZLFR,GCST90018849,NA,rs79535861,0.347684421751137,0.506625871694514,0.492540019829814,rs79535861,0.347684421751137,1.973843137254904
