"id.exposure","id.outcome","outcome","exposure","method","nsnp","b","se","pval","analysis","analysis_role","OR","OR_lower95","OR_upper95"
"GCST90671339","GCST90018849","Gastric cancer","Swedish2026 Veillonella","Inverse variance weighted",4,-0.0823733415783455,0.17571212726383,0.639214649100221,"Swedish2026_Veillonella_primary_p5e6","Primary exploratory exposure-source replication",0.920928073766469,0.652614216267593,1.29955568835397
"GCST90671339","GCST90018849","Gastric cancer","Swedish2026 Veillonella","Weighted median",4,-0.123600644044369,0.196194970048706,0.528701877696318,"Swedish2026_Veillonella_primary_p5e6","Primary exploratory exposure-source replication",0.883732694335666,0.601611864274603,1.29815171776815
"GCST90671339","GCST90018849","Gastric cancer","Swedish2026 Veillonella","MR Egger",4,0.0440526588431873,0.567940555814669,0.945235137526272,"Swedish2026_Veillonella_primary_p5e6","Primary exploratory exposure-source replication",1.04503738389927,0.343313645747553,3.18106532401012
"GCST90671339","GCST90018849","Gastric cancer","Swedish2026 Veillonella","Weighted mode",4,-0.102814548539739,0.208469590901145,0.655724121498665,"Swedish2026_Veillonella_primary_p5e6","Primary exploratory exposure-source replication",0.902294289760134,0.599646510405998,1.35769152526632
"GCST90671339","GCST90018849","Gastric cancer","Swedish2026 Veillonella","Simple mode",4,-0.155184178983947,0.241393342626179,0.566067012657612,"Swedish2026_Veillonella_primary_p5e6","Primary exploratory exposure-source replication",0.85625745833111,0.5334899050533,1.37430310864908
"GCST90671681","GCST90018849","Gastric cancer","Swedish2026 Veillonellaceae","Inverse variance weighted",3,-0.129604348627679,0.193288245419607,0.502524006317198,"Swedish2026_Veillonellaceae_primary_p5e6","Primary exploratory exposure-source replication",0.878442919320432,0.601427483872833,1.28305071383696
"GCST90671681","GCST90018849","Gastric cancer","Swedish2026 Veillonellaceae","Weighted median",3,-0.105899077672168,0.206600094168044,0.608245141588595,"Swedish2026_Veillonellaceae_primary_p5e6","Primary exploratory exposure-source replication",0.899515424685734,0.599994216942543,1.34855966340929
"GCST90671681","GCST90018849","Gastric cancer","Swedish2026 Veillonellaceae","MR Egger",3,-0.101129605680095,0.902511241117777,0.928960816073332,"Swedish2026_Veillonellaceae_primary_p5e6","Primary exploratory exposure-source replication",0.903815885622016,0.154115703341207,5.3004537330901
"GCST90671681","GCST90018849","Gastric cancer","Swedish2026 Veillonellaceae","Weighted mode",3,-0.0984174928453101,0.211356406097235,0.687254578201491,"Swedish2026_Veillonellaceae_primary_p5e6","Primary exploratory exposure-source replication",0.906270463326978,0.598890771570592,1.37141227029591
"GCST90671681","GCST90018849","Gastric cancer","Swedish2026 Veillonellaceae","Simple mode",3,-0.115929637618119,0.238102451078637,0.674469533961787,"Swedish2026_Veillonellaceae_primary_p5e6","Primary exploratory exposure-source replication",0.890537881459552,0.558438690532021,1.42013390504681
"GCST90027724","GCST90018849","Gastric cancer","DMP2022 Veillonella","Inverse variance weighted",4,0.0177550030890904,0.0620470101453972,0.774760137475964,"DMP2022_Veillonella_primary_p5e6","Secondary exploratory exposure-source replication",1.01791356016013,0.901354058552216,1.14954607030023
"GCST90027724","GCST90018849","Gastric cancer","DMP2022 Veillonella","Weighted median",4,0.021528543092352,0.0694957832297685,0.756726736577695,"DMP2022_Veillonella_primary_p5e6","Secondary exploratory exposure-source replication",1.02176195416699,0.891648580535007,1.17086205683939
"GCST90027724","GCST90018849","Gastric cancer","DMP2022 Veillonella","MR Egger",4,-0.192947801555222,0.382349104363332,0.66392260964354,"DMP2022_Veillonella_primary_p5e6","Secondary exploratory exposure-source replication",0.824525011939149,0.389710140332516,1.74447987094507
"GCST90027724","GCST90018849","Gastric cancer","DMP2022 Veillonella","Weighted mode",4,0.023279698441612,0.0683803498752134,0.755967245358622,"DMP2022_Veillonella_primary_p5e6","Secondary exploratory exposure-source replication",1.02355278563311,0.895166282632127,1.17035273256359
"GCST90027724","GCST90018849","Gastric cancer","DMP2022 Veillonella","Simple mode",4,0.0422978683667825,0.0920513883545534,0.67712517201104,"DMP2022_Veillonella_primary_p5e6","Secondary exploratory exposure-source replication",1.04320517029617,0.870991681398744,1.2494689106387
"GCST90027679","GCST90018849","Gastric cancer","DMP2022 Veillonellaceae","Inverse variance weighted",6,0.135368852153032,0.103706799790737,0.191789511551473,"DMP2022_Veillonellaceae_primary_p5e6","Secondary exploratory exposure-source replication",1.14495902707623,0.934357197491209,1.40302999452806
"GCST90027679","GCST90018849","Gastric cancer","DMP2022 Veillonellaceae","Weighted median",6,0.108542867227059,0.125539479814159,0.387252105338801,"DMP2022_Veillonellaceae_primary_p5e6","Secondary exploratory exposure-source replication",1.11465268958415,0.87152170132904,1.42561064916971
"GCST90027679","GCST90018849","Gastric cancer","DMP2022 Veillonellaceae","MR Egger",6,-0.498150336715112,0.581972503886182,0.440261695008014,"DMP2022_Veillonellaceae_primary_p5e6","Secondary exploratory exposure-source replication",0.607653575392867,0.194209764387047,1.90125799726454
"GCST90027679","GCST90018849","Gastric cancer","DMP2022 Veillonellaceae","Weighted mode",6,0.103674208576386,0.136285576433476,0.481142764890304,"DMP2022_Veillonellaceae_primary_p5e6","Secondary exploratory exposure-source replication",1.10923901548386,0.849212761805393,1.44888448314861
"GCST90027679","GCST90018849","Gastric cancer","DMP2022 Veillonellaceae","Simple mode",6,0.154915684432007,0.167695754352448,0.397986548464905,"DMP2022_Veillonellaceae_primary_p5e6","Secondary exploratory exposure-source replication",1.1675595135113,0.840491874114424,1.62190172156877
"GCST90671339","GCST90018849","Gastric cancer","Swedish2026 Veillonella p1e-5","Inverse variance weighted",10,-0.0883328416292734,0.148795476391784,0.552744401383824,"Swedish2026_Veillonella_sensitivity_p1e5","Threshold sensitivity",0.915456124101085,0.683880574452643,1.22544775573563
"GCST90671339","GCST90018849","Gastric cancer","Swedish2026 Veillonella p1e-5","Weighted median",10,-0.0923133391552237,0.195256478792125,0.636370213336224,"Swedish2026_Veillonella_sensitivity_p1e5","Threshold sensitivity",0.911819396059273,0.621875083008808,1.33694793978121
"GCST90671339","GCST90018849","Gastric cancer","Swedish2026 Veillonella p1e-5","MR Egger",10,-0.0894114053391016,0.447305309594183,0.846554943959452,"Swedish2026_Veillonella_sensitivity_p1e5","Threshold sensitivity",0.914469278631212,0.380553003360034,2.19747066552284
"GCST90671339","GCST90018849","Gastric cancer","Swedish2026 Veillonella p1e-5","Weighted mode",10,-0.0528802303144009,0.179913973015158,0.775485024355209,"Swedish2026_Veillonella_sensitivity_p1e5","Threshold sensitivity",0.948493606460643,0.666635661177064,1.34952294617459
"GCST90671339","GCST90018849","Gastric cancer","Swedish2026 Veillonella p1e-5","Simple mode",10,0.04166001346056,0.269292002346972,0.880470007269478,"Swedish2026_Veillonella_sensitivity_p1e5","Threshold sensitivity",1.04253996893363,0.61498813063675,1.7673342503355
"GCST90671681","GCST90018849","Gastric cancer","Swedish2026 Veillonellaceae p1e-5","Inverse variance weighted",10,-0.0781731948309025,0.203025153856822,0.700206358492435,"Swedish2026_Veillonellaceae_sensitivity_p1e5","Threshold sensitivity",0.924804241358117,0.621199808246356,1.37679193309535
"GCST90671681","GCST90018849","Gastric cancer","Swedish2026 Veillonellaceae p1e-5","Weighted median",10,-0.0720301988012363,0.204766767415721,0.725012982091289,"Swedish2026_Veillonellaceae_sensitivity_p1e5","Threshold sensitivity",0.930502795317942,0.622897647800733,1.39001239634073
"GCST90671681","GCST90018849","Gastric cancer","Swedish2026 Veillonellaceae p1e-5","MR Egger",10,0.0237274622298131,0.611598676085314,0.970003866259766,"Swedish2026_Veillonellaceae_sensitivity_p1e5","Threshold sensitivity",1.02401119812843,0.308817144413961,3.3955334179465
"GCST90671681","GCST90018849","Gastric cancer","Swedish2026 Veillonellaceae p1e-5","Weighted mode",10,-0.0392449373377945,0.184194939034523,0.836026549851749,"Swedish2026_Veillonellaceae_sensitivity_p1e5","Threshold sensitivity",0.961515169335471,0.670141082515468,1.37957729347369
"GCST90671681","GCST90018849","Gastric cancer","Swedish2026 Veillonellaceae p1e-5","Simple mode",10,-0.0239081200985622,0.314968950460671,0.941154212869525,"Swedish2026_Veillonellaceae_sensitivity_p1e5","Threshold sensitivity",0.976375414913684,0.526635161686296,1.81018857114545
"GCST90027724","GCST90018849","Gastric cancer","DMP2022 Veillonella p1e-5","Inverse variance weighted",6,0.0393185312020457,0.0555595746485803,0.479142530976449,"DMP2022_Veillonella_sensitivity_p1e5","Threshold sensitivity",1.04010173574643,0.932787153824998,1.15976256348155
"GCST90027724","GCST90018849","Gastric cancer","DMP2022 Veillonella p1e-5","Weighted median",6,0.0258497065288932,0.0679345721922275,0.703567721949137,"DMP2022_Veillonella_sensitivity_p1e5","Threshold sensitivity",1.02618670772074,0.898254309832376,1.17233966770417
"GCST90027724","GCST90018849","Gastric cancer","DMP2022 Veillonella p1e-5","MR Egger",6,0.00423390266002253,0.268825644570056,0.988188392838962,"DMP2022_Veillonella_sensitivity_p1e5","Threshold sensitivity",1.00424287828873,0.592938639112153,1.70085687130078
"GCST90027724","GCST90018849","Gastric cancer","DMP2022 Veillonella p1e-5","Weighted mode",6,0.0252020774496549,0.0680739466086527,0.726386259278344,"DMP2022_Veillonella_sensitivity_p1e5","Threshold sensitivity",1.02552233452501,0.897427575315317,1.17190076117296
"GCST90027724","GCST90018849","Gastric cancer","DMP2022 Veillonella p1e-5","Simple mode",6,0.0408603159906641,0.0785119638753349,0.624976217580668,"DMP2022_Veillonella_sensitivity_p1e5","Threshold sensitivity",1.04170658562988,0.893129998917687,1.21499962139854
"GCST90027679","GCST90018849","Gastric cancer","DMP2022 Veillonellaceae p1e-5","Inverse variance weighted",12,0.154215341119729,0.0562963545441454,0.00615610573956202,"DMP2022_Veillonellaceae_sensitivity_p1e5","Threshold sensitivity",1.16674210728023,1.04485120342678,1.30285263627599
"GCST90027679","GCST90018849","Gastric cancer","DMP2022 Veillonellaceae p1e-5","Weighted median",12,0.143662242114571,0.0762636361571122,0.0595977039445089,"DMP2022_Veillonellaceae_sensitivity_p1e5","Threshold sensitivity",1.1544941031779,0.994202386647765,1.34062908334655
"GCST90027679","GCST90018849","Gastric cancer","DMP2022 Veillonellaceae p1e-5","MR Egger",12,0.115057769502382,0.241620514827472,0.644170672847045,"DMP2022_Veillonellaceae_sensitivity_p1e5","Threshold sensitivity",1.12193824951422,0.698710741801536,1.80152581092073
"GCST90027679","GCST90018849","Gastric cancer","DMP2022 Veillonellaceae p1e-5","Weighted mode",12,0.145395382163519,0.088762630606191,0.129676403150876,"DMP2022_Veillonellaceae_sensitivity_p1e5","Threshold sensitivity",1.15649673806647,0.971825153605408,1.37626063721072
"GCST90027679","GCST90018849","Gastric cancer","DMP2022 Veillonellaceae p1e-5","Simple mode",12,0.16753421875162,0.100351227365361,0.123202165749873,"DMP2022_Veillonellaceae_sensitivity_p1e5","Threshold sensitivity",1.18238574925696,0.971266696334846,1.43939462283794
