"source","taxon","threshold","nsnp","OR","OR_lower95","OR_upper95","pval","significant_0.0125","OR_95CI","p_display"
"MiBioGen","Veillonella","P <= 5e-6",4,1.12579396091011,0.876700197790813,1.44566186435844,0.353066539674173,FALSE,"1.126 (0.877-1.446)","0.35307"
"MiBioGen","Veillonella","P <= 1e-5",8,1.04387350113013,0.844242797644252,1.29070912941426,0.691734131216543,FALSE,"1.044 (0.844-1.291)","0.69173"
"Swedish 2026","Veillonella","P <= 5e-6",4,0.920928073766469,0.652614216267593,1.29955568835397,0.639214649100221,FALSE,"0.921 (0.653-1.300)","0.63921"
"Swedish 2026","Veillonella","P <= 1e-5",10,0.915456124101085,0.683880574452643,1.22544775573563,0.552744401383824,FALSE,"0.915 (0.684-1.225)","0.55274"
"DMP 2022","Veillonella","P <= 5e-6",4,1.01791356016013,0.901354058552216,1.14954607030023,0.774760137475964,FALSE,"1.018 (0.901-1.150)","0.77476"
"DMP 2022","Veillonella","P <= 1e-5",6,1.04010173574643,0.932787153824998,1.15976256348155,0.479142530976449,FALSE,"1.040 (0.933-1.160)","0.47914"
"MiBioGen","Veillonellaceae","P <= 5e-6",9,1.27541841513252,0.970005920588415,1.67699196379376,0.0815183601443824,FALSE,"1.275 (0.970-1.677)","0.08152"
"MiBioGen","Veillonellaceae","P <= 1e-5",19,1.04170675182613,0.911829928740423,1.19008262681084,0.54755986320868,FALSE,"1.042 (0.912-1.190)","0.54756"
"Swedish 2026","Veillonellaceae","P <= 5e-6",3,0.878442919320432,0.601427483872833,1.28305071383696,0.502524006317198,FALSE,"0.878 (0.601-1.283)","0.50252"
"Swedish 2026","Veillonellaceae","P <= 1e-5",10,0.924804241358117,0.621199808246356,1.37679193309535,0.700206358492435,FALSE,"0.925 (0.621-1.377)","0.70021"
"DMP 2022","Veillonellaceae","P <= 5e-6",6,1.14495902707623,0.934357197491209,1.40302999452806,0.191789511551473,FALSE,"1.145 (0.934-1.403)","0.19179"
"DMP 2022","Veillonellaceae","P <= 1e-5",12,1.16674210728023,1.04485120342678,1.30285263627599,0.00615610573956202,TRUE,"1.167 (1.045-1.303)","0.00616"
