"exposure","outcome","id.exposure","id.outcome","samplesize","SNP","b","se","p","analysis"
"Swedish2026 Veillonella","Gastric cancer","GCST90671339","GCST90018849",NA,"rs17217035",-0.0651828537265518,0.19386078187774,0.736693374791057,"Swedish2026_Veillonella_primary_p5e6"
"Swedish2026 Veillonella","Gastric cancer","GCST90671339","GCST90018849",NA,"rs56393618",-0.113172320464499,0.179055720733442,0.527353650375362,"Swedish2026_Veillonella_primary_p5e6"
"Swedish2026 Veillonella","Gastric cancer","GCST90671339","GCST90018849",NA,"rs61842156",-0.035974057355377,0.210467527051926,0.86428312995494,"Swedish2026_Veillonella_primary_p5e6"
"Swedish2026 Veillonella","Gastric cancer","GCST90671339","GCST90018849",NA,"rs75598363",-0.114783053992146,0.244028799530664,0.638092954927868,"Swedish2026_Veillonella_primary_p5e6"
"Swedish2026 Veillonella","Gastric cancer","GCST90671339","GCST90018849",NA,"All",-0.0823733415783455,0.17571212726383,0.639214649100221,"Swedish2026_Veillonella_primary_p5e6"
"Swedish2026 Veillonellaceae","Gastric cancer","GCST90671681","GCST90018849",NA,"rs147308406",-0.101850505196235,0.196524609505321,0.604278080347289,"Swedish2026_Veillonellaceae_primary_p5e6"
"Swedish2026 Veillonellaceae","Gastric cancer","GCST90671681","GCST90018849",NA,"rs61842156",-0.0951985638194515,0.245941533851475,0.698698443637234,"Swedish2026_Veillonellaceae_primary_p5e6"
"Swedish2026 Veillonellaceae","Gastric cancer","GCST90671681","GCST90018849",NA,"rs75598363",-0.245501440704084,0.300038616027759,0.413224262204844,"Swedish2026_Veillonellaceae_primary_p5e6"
"Swedish2026 Veillonellaceae","Gastric cancer","GCST90671681","GCST90018849",NA,"All",-0.129604348627679,0.193288245419607,0.502524006317198,"Swedish2026_Veillonellaceae_primary_p5e6"
"DMP2022 Veillonella","Gastric cancer","GCST90027724","GCST90018849",NA,"rs2535959",0.00982942881872368,0.0632797751491972,0.876558906922774,"DMP2022_Veillonella_primary_p5e6"
"DMP2022 Veillonella","Gastric cancer","GCST90027724","GCST90018849",NA,"rs3000780",0.0108934389861166,0.0752465586682775,0.884892524927568,"DMP2022_Veillonella_primary_p5e6"
"DMP2022 Veillonella","Gastric cancer","GCST90027724","GCST90018849",NA,"rs72743290",0.0293399721904627,0.0633298105517116,0.643157596157467,"DMP2022_Veillonella_primary_p5e6"
"DMP2022 Veillonella","Gastric cancer","GCST90027724","GCST90018849",NA,"rs9847942",0.0206761901754695,0.0982588730496237,0.833335451585718,"DMP2022_Veillonella_primary_p5e6"
"DMP2022 Veillonella","Gastric cancer","GCST90027724","GCST90018849",NA,"All",0.0177550030890904,0.0620470101453972,0.774760137475964,"DMP2022_Veillonella_primary_p5e6"
"DMP2022 Veillonellaceae","Gastric cancer","GCST90027679","GCST90018849",NA,"rs11881631",0.177270387806591,0.0982286289174336,0.0711261328887907,"DMP2022_Veillonellaceae_primary_p5e6"
"DMP2022 Veillonellaceae","Gastric cancer","GCST90027679","GCST90018849",NA,"rs2347496",0.139864285861552,0.129364094845926,0.279622505955841,"DMP2022_Veillonellaceae_primary_p5e6"
"DMP2022 Veillonellaceae","Gastric cancer","GCST90027679","GCST90018849",NA,"rs258816",0.192500253061248,0.134784066096983,0.153230778399802,"DMP2022_Veillonellaceae_primary_p5e6"
"DMP2022 Veillonellaceae","Gastric cancer","GCST90027679","GCST90018849",NA,"rs35025485",0.13270747471238,0.118394176517701,0.262332436392688,"DMP2022_Veillonellaceae_primary_p5e6"
"DMP2022 Veillonellaceae","Gastric cancer","GCST90027679","GCST90018849",NA,"rs62024270",0.108024057193216,0.0985391932305696,0.272967312212417,"DMP2022_Veillonellaceae_primary_p5e6"
"DMP2022 Veillonellaceae","Gastric cancer","GCST90027679","GCST90018849",NA,"rs7746214",0.0607497390179127,0.122152445146565,0.618958301986381,"DMP2022_Veillonellaceae_primary_p5e6"
"DMP2022 Veillonellaceae","Gastric cancer","GCST90027679","GCST90018849",NA,"All",0.135368852153032,0.103706799790737,0.191789511551473,"DMP2022_Veillonellaceae_primary_p5e6"
"Swedish2026 Veillonella p1e-5","Gastric cancer","GCST90671339","GCST90018849",NA,"rs116967459",-0.0946183720380527,0.150311506008282,0.529033616283903,"Swedish2026_Veillonella_sensitivity_p1e5"
"Swedish2026 Veillonella p1e-5","Gastric cancer","GCST90671339","GCST90018849",NA,"rs13255553",-0.0670506351390856,0.149917097862411,0.654693537486773,"Swedish2026_Veillonella_sensitivity_p1e5"
"Swedish2026 Veillonella p1e-5","Gastric cancer","GCST90671339","GCST90018849",NA,"rs147308406",-0.0713883597970615,0.150239440244151,0.634670148871262,"Swedish2026_Veillonella_sensitivity_p1e5"
"Swedish2026 Veillonella p1e-5","Gastric cancer","GCST90671339","GCST90018849",NA,"rs170629",-0.164788377996648,0.163145264009405,0.312461045865182,"Swedish2026_Veillonella_sensitivity_p1e5"
"Swedish2026 Veillonella p1e-5","Gastric cancer","GCST90671339","GCST90018849",NA,"rs17217035",-0.0775940252529639,0.159340581174641,0.6262798469859,"Swedish2026_Veillonella_sensitivity_p1e5"
"Swedish2026 Veillonella p1e-5","Gastric cancer","GCST90671339","GCST90018849",NA,"rs56393618",-0.110343548443168,0.150809505316712,0.464366944221145,"Swedish2026_Veillonella_sensitivity_p1e5"
"Swedish2026 Veillonella p1e-5","Gastric cancer","GCST90671339","GCST90018849",NA,"rs61842156",-0.0603584044072295,0.168184587798952,0.719683440644534,"Swedish2026_Veillonella_sensitivity_p1e5"
"Swedish2026 Veillonella p1e-5","Gastric cancer","GCST90671339","GCST90018849",NA,"rs62384394",-0.091494125276819,0.150133719982746,0.542247701575679,"Swedish2026_Veillonella_sensitivity_p1e5"
"Swedish2026 Veillonella p1e-5","Gastric cancer","GCST90671339","GCST90018849",NA,"rs73579339",-0.0470110318109305,0.152091526844399,0.757247755495038,"Swedish2026_Veillonella_sensitivity_p1e5"
"Swedish2026 Veillonella p1e-5","Gastric cancer","GCST90671339","GCST90018849",NA,"rs75598363",-0.109880918372308,0.183895009870863,0.550160359478604,"Swedish2026_Veillonella_sensitivity_p1e5"
"Swedish2026 Veillonella p1e-5","Gastric cancer","GCST90671339","GCST90018849",NA,"All",-0.0883328416292734,0.148795476391784,0.552744401383824,"Swedish2026_Veillonella_sensitivity_p1e5"
"Swedish2026 Veillonellaceae p1e-5","Gastric cancer","GCST90671681","GCST90018849",NA,"rs116967459",-0.0850793802203439,0.217259003957271,0.695351222299202,"Swedish2026_Veillonellaceae_sensitivity_p1e5"
"Swedish2026 Veillonellaceae p1e-5","Gastric cancer","GCST90671681","GCST90018849",NA,"rs13255553",-0.0542879471325149,0.206982443506806,0.793103375789427,"Swedish2026_Veillonellaceae_sensitivity_p1e5"
"Swedish2026 Veillonellaceae p1e-5","Gastric cancer","GCST90671681","GCST90018849",NA,"rs147308406",-0.0589140068009186,0.212709653482873,0.781803813024415,"Swedish2026_Veillonellaceae_sensitivity_p1e5"
"Swedish2026 Veillonellaceae p1e-5","Gastric cancer","GCST90671681","GCST90018849",NA,"rs170629",-0.162758292420732,0.228516298278852,0.476316593563359,"Swedish2026_Veillonellaceae_sensitivity_p1e5"
"Swedish2026 Veillonellaceae p1e-5","Gastric cancer","GCST90671681","GCST90018849",NA,"rs367811915",-0.13998861586213,0.158613392996602,0.377464576027242,"Swedish2026_Veillonellaceae_sensitivity_p1e5"
"Swedish2026 Veillonellaceae p1e-5","Gastric cancer","GCST90671681","GCST90018849",NA,"rs61842156",-0.0420145409214066,0.247776459390186,0.865351216354479,"Swedish2026_Veillonellaceae_sensitivity_p1e5"
"Swedish2026 Veillonellaceae p1e-5","Gastric cancer","GCST90671681","GCST90018849",NA,"rs62297968",-0.0405684634062942,0.200474184696085,0.839633318357646,"Swedish2026_Veillonellaceae_sensitivity_p1e5"
"Swedish2026 Veillonellaceae p1e-5","Gastric cancer","GCST90671681","GCST90018849",NA,"rs62384394",-0.0815844403467861,0.217413835115354,0.707474894242778,"Swedish2026_Veillonellaceae_sensitivity_p1e5"
"Swedish2026 Veillonellaceae p1e-5","Gastric cancer","GCST90671681","GCST90018849",NA,"rs73579339",-0.0304383063503353,0.207510564960132,0.88338210758239,"Swedish2026_Veillonellaceae_sensitivity_p1e5"
"Swedish2026 Veillonellaceae p1e-5","Gastric cancer","GCST90671681","GCST90018849",NA,"rs75598363",-0.0975632247516584,0.274687694512026,0.722455702991326,"Swedish2026_Veillonellaceae_sensitivity_p1e5"
"Swedish2026 Veillonellaceae p1e-5","Gastric cancer","GCST90671681","GCST90018849",NA,"All",-0.0781731948309025,0.203025153856822,0.700206358492435,"Swedish2026_Veillonellaceae_sensitivity_p1e5"
"DMP2022 Veillonella p1e-5","Gastric cancer","GCST90027724","GCST90018849",NA,"rs12978412",0.0388273644845419,0.0607210831176775,0.522538072148015,"DMP2022_Veillonella_sensitivity_p1e5"
"DMP2022 Veillonella p1e-5","Gastric cancer","GCST90027724","GCST90018849",NA,"rs2535959",0.0337021972913708,0.056439451249174,0.550414583765447,"DMP2022_Veillonella_sensitivity_p1e5"
"DMP2022 Veillonella p1e-5","Gastric cancer","GCST90027724","GCST90018849",NA,"rs3000780",0.0417306368988686,0.0644402479513985,0.51725240838779,"DMP2022_Veillonella_sensitivity_p1e5"
"DMP2022 Veillonella p1e-5","Gastric cancer","GCST90027724","GCST90018849",NA,"rs4462945",0.0218202710045033,0.056569880890931,0.699702261252064,"DMP2022_Veillonella_sensitivity_p1e5"
"DMP2022 Veillonella p1e-5","Gastric cancer","GCST90027724","GCST90018849",NA,"rs72743290",0.0492476887636317,0.0564749428517706,0.383193515160562,"DMP2022_Veillonella_sensitivity_p1e5"
"DMP2022 Veillonella p1e-5","Gastric cancer","GCST90027724","GCST90018849",NA,"rs9847942",0.0611944595674252,0.077202964444984,0.427985318365283,"DMP2022_Veillonella_sensitivity_p1e5"
"DMP2022 Veillonella p1e-5","Gastric cancer","GCST90027724","GCST90018849",NA,"All",0.0393185312020457,0.0555595746485803,0.479142530976449,"DMP2022_Veillonella_sensitivity_p1e5"
"DMP2022 Veillonellaceae p1e-5","Gastric cancer","GCST90027679","GCST90018849",NA,"rs11804833",0.15059119519739,0.0566701002680113,0.00787621476651325,"DMP2022_Veillonellaceae_sensitivity_p1e5"
"DMP2022 Veillonellaceae p1e-5","Gastric cancer","GCST90027679","GCST90018849",NA,"rs11881631",0.168700468983473,0.0569162412182085,0.00303655630076182,"DMP2022_Veillonellaceae_sensitivity_p1e5"
"DMP2022 Veillonellaceae p1e-5","Gastric cancer","GCST90027679","GCST90018849",NA,"rs1882135",0.168919815706869,0.0586261553906637,0.00396032611454187,"DMP2022_Veillonellaceae_sensitivity_p1e5"
"DMP2022 Veillonellaceae p1e-5","Gastric cancer","GCST90027679","GCST90018849",NA,"rs2347496",0.156974820216193,0.0583541927892572,0.00714445283575404,"DMP2022_Veillonellaceae_sensitivity_p1e5"
"DMP2022 Veillonellaceae p1e-5","Gastric cancer","GCST90027679","GCST90018849",NA,"rs258816",0.171705266514624,0.0600413585547957,0.00423930757566506,"DMP2022_Veillonellaceae_sensitivity_p1e5"
"DMP2022 Veillonellaceae p1e-5","Gastric cancer","GCST90027679","GCST90018849",NA,"rs28393833",0.143020167635169,0.0601172143981444,0.0173586461922574,"DMP2022_Veillonellaceae_sensitivity_p1e5"
"DMP2022 Veillonellaceae p1e-5","Gastric cancer","GCST90027679","GCST90018849",NA,"rs35025485",0.153602994385356,0.0567317064980457,0.00677852345077364,"DMP2022_Veillonellaceae_sensitivity_p1e5"
"DMP2022 Veillonellaceae p1e-5","Gastric cancer","GCST90027679","GCST90018849",NA,"rs6105994",0.159494332265095,0.059253926735459,0.00710869259355253,"DMP2022_Veillonellaceae_sensitivity_p1e5"
"DMP2022 Veillonellaceae p1e-5","Gastric cancer","GCST90027679","GCST90018849",NA,"rs62024270",0.145202019782178,0.0567257976210865,0.0104757265414756,"DMP2022_Veillonellaceae_sensitivity_p1e5"
"DMP2022 Veillonellaceae p1e-5","Gastric cancer","GCST90027679","GCST90018849",NA,"rs62165977",0.14061554711532,0.0587748708693739,0.0167366130125759,"DMP2022_Veillonellaceae_sensitivity_p1e5"
"DMP2022 Veillonellaceae p1e-5","Gastric cancer","GCST90027679","GCST90018849",NA,"rs6701211",0.155489346526304,0.0652607284512303,0.0171914811758434,"DMP2022_Veillonellaceae_sensitivity_p1e5"
"DMP2022 Veillonellaceae p1e-5","Gastric cancer","GCST90027679","GCST90018849",NA,"rs7746214",0.136237978133126,0.0596052835178685,0.0222736013067343,"DMP2022_Veillonellaceae_sensitivity_p1e5"
"DMP2022 Veillonellaceae p1e-5","Gastric cancer","GCST90027679","GCST90018849",NA,"All",0.154215341119729,0.0562963545441454,0.00615610573956202,"DMP2022_Veillonellaceae_sensitivity_p1e5"
