"id.exposure","id.outcome","outcome","exposure","method","Q","Q_df","Q_pval","analysis"
"GCST90671339","GCST90018849","Gastric cancer","Swedish2026 Veillonella","MR Egger",0.882280897029173,2,0.643302349368438,"Swedish2026_Veillonella_primary_p5e6"
"GCST90671339","GCST90018849","Gastric cancer","Swedish2026 Veillonella","Inverse variance weighted",0.937078754787672,3,0.816471870416673,"Swedish2026_Veillonella_primary_p5e6"
"GCST90671681","GCST90018849","Gastric cancer","Swedish2026 Veillonellaceae","MR Egger",0.727045464039888,1,0.393842548171712,"Swedish2026_Veillonellaceae_primary_p5e6"
"GCST90671681","GCST90018849","Gastric cancer","Swedish2026 Veillonellaceae","Inverse variance weighted",0.728088755669968,2,0.694860357660385,"Swedish2026_Veillonellaceae_primary_p5e6"
"GCST90027724","GCST90018849","Gastric cancer","DMP2022 Veillonella","MR Egger",0.898250894356814,2,0.6381860350346,"DMP2022_Veillonella_primary_p5e6"
"GCST90027724","GCST90018849","Gastric cancer","DMP2022 Veillonella","Inverse variance weighted",1.21014746646255,3,0.75057157311163,"DMP2022_Veillonella_primary_p5e6"
"GCST90027679","GCST90018849","Gastric cancer","DMP2022 Veillonellaceae","MR Egger",4.55048986117033,4,0.336602598863605,"DMP2022_Veillonellaceae_primary_p5e6"
"GCST90027679","GCST90018849","Gastric cancer","DMP2022 Veillonellaceae","Inverse variance weighted",5.94083284159751,5,0.312018788409951,"DMP2022_Veillonellaceae_primary_p5e6"
"GCST90671339","GCST90018849","Gastric cancer","Swedish2026 Veillonella p1e-5","MR Egger",5.76621766635752,8,0.673400135371286,"Swedish2026_Veillonella_sensitivity_p1e5"
"GCST90671339","GCST90018849","Gastric cancer","Swedish2026 Veillonella p1e-5","Inverse variance weighted",5.76622420388114,9,0.763068377268814,"Swedish2026_Veillonella_sensitivity_p1e5"
"GCST90671681","GCST90018849","Gastric cancer","Swedish2026 Veillonellaceae p1e-5","MR Egger",14.9730629219448,8,0.0596713556148161,"Swedish2026_Veillonellaceae_sensitivity_p1e5"
"GCST90671681","GCST90018849","Gastric cancer","Swedish2026 Veillonellaceae p1e-5","Inverse variance weighted",15.0323391634901,9,0.0900514968512373,"Swedish2026_Veillonellaceae_sensitivity_p1e5"
"GCST90027724","GCST90018849","Gastric cancer","DMP2022 Veillonella p1e-5","MR Egger",3.92061132169853,4,0.416856544630269,"DMP2022_Veillonella_sensitivity_p1e5"
"GCST90027724","GCST90018849","Gastric cancer","DMP2022 Veillonella p1e-5","Inverse variance weighted",3.93840439396536,5,0.55831793021977,"DMP2022_Veillonella_sensitivity_p1e5"
"GCST90027679","GCST90018849","Gastric cancer","DMP2022 Veillonellaceae p1e-5","MR Egger",7.92071392060606,10,0.636581359922382,"DMP2022_Veillonellaceae_sensitivity_p1e5"
"GCST90027679","GCST90018849","Gastric cancer","DMP2022 Veillonellaceae p1e-5","Inverse variance weighted",7.94848574210792,11,0.717910851055533,"DMP2022_Veillonellaceae_sensitivity_p1e5"
